{"gemm": {"RealSpeedup": {"para_time": 53.595, "para_time_list_dict": {"28": [52.347890256, 54.214289186, 54.221806789]}}}, "3mm": {"RealSpeedup": {"para_time": 168.198, "para_time_list_dict": {"28": [162.324337993, 171.723438069, 170.546574833]}}}, "correlation": {"RealSpeedup": {"para_time": 42.881, "para_time_list_dict": {"28": [42.532478922, 42.26407205, 43.845955628]}}}, "covariance": {"RealSpeedup": {"para_time": 43.136, "para_time_list_dict": {"28": [43.899934861, 41.834914206, 43.673515097]}}}, "2mm": {"RealSpeedup": {"para_time": 100.418, "para_time_list_dict": {"28": [98.52144523, 102.205251052, 100.526145218]}}}}