{"gemm": {"RealSpeedup": {"para_time": 79.709, "para_time_list_dict": {"28": [88.389057774, 78.602617065, 74.570400194, 79.340717589, 77.643021571]}}}, "swaptions": {"RealSpeedup": {"para_time": 59.955, "para_time_list_dict": {"28": [59.924755183, 59.966182805, 59.937758207, 59.898304746, 60.048025506]}}}, "doitgen": {"RealSpeedup": {"para_time": 40.613, "para_time_list_dict": {"28": [40.604589624, 40.635322921, 40.672036304, 40.516789241, 40.636660414]}}}, "052.alvinn": {"RealSpeedup": {"para_time": 67.731, "para_time_list_dict": {"28": [68.601841258, 67.149054807, 66.215990933, 67.614234777, 69.075393451]}}}, "2mm": {"RealSpeedup": {"para_time": 118.111, "para_time_list_dict": {"28": [125.542321047, 125.393490367, 105.863247089, 119.179604719, 114.57876153]}}}, "blackscholes": {"RealSpeedup": {"para_time": 186.254, "para_time_list_dict": {"28": [186.290576115, 186.253442747, 186.357135623, 186.307986283, 186.059047229]}}}, "covariance": {"RealSpeedup": {"para_time": 37.848, "para_time_list_dict": {"28": [37.935763471, 38.129034014, 37.678187386, 38.686941529, 36.808677087]}}}, "3mm": {"RealSpeedup": {"para_time": 167.368, "para_time_list_dict": {"28": [170.803757532, 168.789153827, 165.687012854, 161.415685547, 170.143558062]}}}, "179.art": {"RealSpeedup": {"para_time": 30.505, "para_time_list_dict": {"28": [30.473598223, 30.535525625, 30.651251251, 30.424140015, 30.439950444]}}}, "enc-md5": {"RealSpeedup": {"para_time": 30.414, "para_time_list_dict": {"28": [30.412534984, 30.415232913, 30.426107345, 30.412919874, 30.401279055]}}}, "dijkstra-dynsize": {"RealSpeedup": {"para_time": 23.749, "para_time_list_dict": {"28": [23.970872113, 23.770800491, 23.772200725, 23.616659288, 23.613652476]}}}, "correlation": {"RealSpeedup": {"para_time": 38.024, "para_time_list_dict": {"28": [37.455416116, 38.290665651, 38.415136864, 38.130870081, 37.8262541]}}}}