{"2mm": {"RealSpeedup": {"para_time": 97.144, "para_time_list_dict": {"28": [99.68772728, 95.998575582, 97.471387002, 99.17555648, 93.814604767, 98.424244038, 97.57384387, 96.525239345, 97.213790781, 95.555342683]}}}, "3mm": {"RealSpeedup": {"para_time": 144.662, "para_time_list_dict": {"28": [143.13741453, 145.404219776, 140.767884931, 145.637929131, 145.573635912, 142.37878123, 145.334994973, 145.848922443, 147.685309846, 144.854563962]}}}, "gemm": {"RealSpeedup": {"para_time": 48.537, "para_time_list_dict": {"28": [49.271338932, 47.162492718, 49.313587492, 47.479754879, 48.767344553, 48.790776258, 48.206263189, 47.62314165, 48.828448913, 49.924126721]}}}}