{"2mm": {"RealSpeedup": {"para_time_list_dict": {"28": [140.635240924, 129.408050207, 129.616550221]}, "para_time": 133.22}}, "blackscholes": {"RealSpeedup": {"para_time_list_dict": {"28": [186.498270078, 186.528755407, 186.311235291]}, "para_time": 186.446}}, "doitgen": {"RealSpeedup": {"para_time_list_dict": {"28": [40.57801638, 40.533919762, 40.576222658]}, "para_time": 40.563}}, "179.art": {"RealSpeedup": {"para_time_list_dict": {"28": [30.448707236, 30.279148029, 30.320193663]}, "para_time": 30.349}}, "enc-md5": {"RealSpeedup": {"para_time_list_dict": {"28": [30.480327906, 30.439279923, 30.466220839]}, "para_time": 30.462}}, "3mm": {"RealSpeedup": {"para_time_list_dict": {"28": [182.623752352, 170.062018855, 172.308977971]}, "para_time": 174.998}}, "correlation": {"RealSpeedup": {"para_time_list_dict": {"28": [36.916032372, 37.677618251, 39.460126035]}, "para_time": 38.018}}, "dijkstra-dynsize": {"RealSpeedup": {"para_time_list_dict": {"28": [60.258217719, 60.332136653, 64.998662992]}, "para_time": 61.863}}, "swaptions": {"RealSpeedup": {"para_time_list_dict": {"28": [60.373085097, 60.35525933, 60.396430134]}, "para_time": 60.375}}, "covariance": {"RealSpeedup": {"para_time_list_dict": {"28": [38.865187134, 36.818410852, 38.857369848]}, "para_time": 38.18}}, "gemm": {"RealSpeedup": {"para_time_list_dict": {"28": [78.602816448, 73.586967822, 74.837031681]}, "para_time": 75.676}}, "052.alvinn": {"RealSpeedup": {"para_time_list_dict": {"28": [69.118619811, 68.923619475, 69.501978969]}, "para_time": 69.181}}}